"ID.Source";"ID.Target";"Weight";"City";"bCO";"c.rise";"c1.size";"c2.size";"cut.offRel";"weightedCutOff"
"B0001";"B0002";1;"Berlin";0,000116375635508563;1;634;1;0,00315457413249211;3,67115569427645e-07
"B0002";"B0003";1;"Berlin";0,000348758629198131;1;634;2;0,00630914826498423;2,20036990030367e-06
"B0003";"B0004";1;"Berlin";0,000580405068232582;1;634;3;0,00946372239747634;5,49279244384147e-06
"B0004";"B0005";2;"Berlin";0,00107919096602855;1;634;4;0,0126182965299685;1,36175516218114e-05
"B0005";"B0006";1;"Berlin";0,00156711268266153;0;634;0;0;0
"B0005";"B0115";1;"Berlin";0,000912010157907089;0;634;0;0;0
"B0006";"B0008";1;"Berlin";0,00308136918285823;0;634;0;0;0
"B0008";"B0037";1;"Berlin";0,00353287654600033;0;634;0;0;0
"B0008";"B0038";2;"Berlin";0,00328654183340995;0;634;0;0;0
"B0009";"B0010";1;"Berlin";0,000296313161059629;0;634;0;0;0
"B0010";"B0011";1;"Berlin";0,000333660866327985;0;634;0;0;0
"B0011";"B0012";1;"Berlin";0,000417952970225333;0;634;0;0;0
"B0012";"B0013";1;"Berlin";0,000553354513956206;0;634;0;0;0
"B0013";"B0014";1;"Berlin";0,000833317330806601;0;634;0;0;0
"B0014";"B0015";1;"Berlin";0,00110793398845193;0;634;0;0;0
"B0014";"B0069";1;"Berlin";0,000550735360676639;0;634;0;0;0
"B0015";"B0016";1;"Berlin";0,00129471811103427;0;634;0;0;0
"B0016";"B0017";1;"Berlin";0,0040747828746827;0;634;0;0;0
"B0017";"B0018";2;"Berlin";0,00881438191803461;0;634;0;0;0
"B0017";"B0042";1;"Berlin";0,00579443180120183;0;634;0;0;0
"B0018";"B0019";3;"Berlin";0,0103715067022761;0;634;0;0;0
"B0019";"B0020";3;"Berlin";0,0097330404910567;0;634;0;0;0
"B0020";"B0021";4;"Berlin";0,0106965310800928;0;634;0;0;0
"B0021";"B0022";1;"Berlin";0,00978479533917793;0;634;0;0;0
"B0021";"B0043";3;"Berlin";0,00763311051855463;0;634;0;0;0
"B0022";"B0023";1;"Berlin";0,0123374076307322;0;634;0;0;0
"B0023";"B0024";1;"Berlin";0,0215662374950518;0;634;0;0;0
"B0023";"B0211";1;"Berlin";0,012967204474477;0;634;0;0;0
"B0024";"B0025";1;"Berlin";0,0228189215959279;0;634;0;0;0
"B0024";"B0211";4;"Berlin";0,0176435428931203;0;634;0;0;0
"B0025";"B0026";1;"Berlin";0,0182050743437004;0;634;0;0;0
"B0025";"B0249";1;"Berlin";0,0100779518084778;0;634;0;0;0
"B0025";"B0419";2;"Berlin";0,0102108486345987;0;634;0;0;0
"B0026";"B0027";1;"Berlin";0,0184223537554191;0;634;0;0;0
"B0027";"B0028";1;"Berlin";0,0197320544496593;0;634;0;0;0
"B0027";"B0423";1;"Berlin";0,010239038709606;0;634;0;0;0
"B0027";"B0589";2;"Berlin";0,0111757330938181;0;634;0;0;0
"B0028";"B0029";1;"Berlin";0,0190175639993131;0;634;0;0;0
"B0028";"B0397";1;"Berlin";0,0111133846456844;0;634;0;0;0
"B0029";"B0030";1;"Berlin";0,0190884692613089;0;634;0;0;0
"B0029";"B0394";1;"Berlin";0,0100338254242105;0;634;0;0;0
"B0030";"B0031";1;"Berlin";0,0160399431463711;0;634;0;0;0
"B0030";"B0059";2;"Berlin";0,0151013019682706;0;634;0;0;0
"B0030";"B0246";1;"Berlin";0,0119147883933536;0;634;0;0;0
"B0030";"B0319";1;"Berlin";0,010485658610368;0;634;0;0;0
"B0031";"B0032";1;"Berlin";0,0110178239165984;0;634;0;0;0
"B0031";"B0242";1;"Berlin";0,00643547284855457;0;634;0;0;0
"B0031";"B0356";4;"Berlin";0,0069875116287085;0;634;0;0;0
"B0032";"B0033";1;"Berlin";0,00844915777765226;0;634;0;0;0
"B0032";"B0238";1;"Berlin";0,00504023967798964;0;634;0;0;0
"B0033";"B0034";1;"Berlin";0,00628117621220543;0;634;0;0;0
"B0033";"B0235";1;"Berlin";0,00427743486680666;0;634;0;0;0
"B0034";"B0035";1;"Berlin";0,00555003698341675;0;634;0;0;0
"B0035";"B0036";1;"Berlin";0,00417567685431277;0;634;0;0;0
"B0035";"B0223";1;"Berlin";0,00341807798249716;0;634;0;0;0
"B0036";"B0037";2;"Berlin";0,00261103689085056;0;634;0;0;0
"B0038";"B0039";2;"Berlin";0,00209978436709133;0;634;0;0;0
"B0039";"B0040";2;"Berlin";0,00327848633424364;0;634;0;0;0
"B0040";"B0041";2;"Berlin";0,00460333727188914;0;634;0;0;0
"B0041";"B0042";2;"Berlin";0,00480622879083865;0;634;0;0;0
"B0043";"B0044";3;"Berlin";0,00783084185085589;0;634;0;0;0
"B0044";"B0045";3;"Berlin";0,0124399370501385;0;634;0;0;0
"B0044";"B0058";3;"Berlin";0,0105118531399722;0;634;0;0;0
"B0045";"B0046";2;"Berlin";0,00916076884875048;0;634;0;0;0
"B0045";"B0056";1;"Berlin";0,00848435336308423;0;634;0;0;0
"B0045";"B0465";1;"Berlin";0,00692806387545453;1;634;6;0,0189274447949527;0,000131130546538572
"B0046";"B0047";2;"Berlin";0,00568052608240872;0;634;0;0;0
"B0047";"B0048";3;"Berlin";0,00483347332256035;0;634;0;0;0
"B0047";"B0053";1;"Berlin";0,00310200869853511;1;634;3;0,00946372239747634;2,93565491974932e-05
"B0047";"B0525";2;"Berlin";0,00310200869853511;1;634;3;0,00946372239747634;2,93565491974932e-05
"B0048";"B0049";2;"Berlin";0,00231186969225782;1;634;4;0,0126182965299685;2,91718573155561e-05
"B0048";"B0535";1;"Berlin";0,00299797035349976;1;634;10;0,0315457413249211;9,45731972712858e-05
"B0049";"B0050";2;"Berlin";0,000580405068232582;1;634;3;0,00946372239747634;5,49279244384147e-06
"B0050";"B0051";1;"Berlin";0,000348758629198131;1;634;2;0,00630914826498423;2,20036990030367e-06
"B0051";"B0052";1;"Berlin";0,000116375635508563;1;634;1;0,00315457413249211;3,67115569427645e-07
"B0053";"B0054";1;"Berlin";0,000348758629198131;1;634;2;0,00630914826498423;2,20036990030367e-06
"B0054";"B0055";1;"Berlin";0,000116375635508563;1;634;1;0,00315457413249211;3,67115569427645e-07
"B0056";"B0057";1;"Berlin";0,00434408345215259;0;634;0;0;0
"B0057";"B0522";2;"Berlin";0,00241090859285785;0;634;0;0;0
"B0058";"B0023";3;"Berlin";0,0128667340992253;0;634;0;0;0
"B0059";"B0031";4;"Berlin";0,0113651517929297;0;634;0;0;0
"B0059";"B0060";2;"Berlin";0,0103604342723957;0;634;0;0;0
"B0059";"B0317";2;"Berlin";0,0052318809332559;0;634;0;0;0
"B0060";"B0142";1;"Berlin";0,0071308355983784;0;634;0;0;0
"B0060";"B0321";2;"Berlin";0,0072934071606616;0;634;0;0;0
"B0061";"B0062";1;"Berlin";0,000116375635508563;1;634;1;0,00315457413249211;3,67115569427645e-07
"B0062";"B0063";1;"Berlin";0,000348758629198131;1;634;2;0,00630914826498423;2,20036990030367e-06
"B0063";"B0064";1;"Berlin";0,000580405068232582;1;634;3;0,00946372239747634;5,49279244384147e-06
"B0064";"B0065";1;"Berlin";0,000811314952611915;1;634;4;0,0126182965299685;1,02374126512544e-05
"B0065";"B0066";1;"Berlin";0,00104148828233613;1;634;5;0,0157728706624606;1,6427259973756e-05
"B0066";"B0067";1;"Berlin";0,00127092505740523;1;634;6;0,0189274447949527;2,40553638625595e-05
"B0067";"B0068";1;"Berlin";0,00149962527781921;1;634;7;0,0220820189274448;3,31147537688784e-05
"B0068";"B0040";1;"Berlin";0,00302671403356123;1;634;8;0,0252365930599369;7,63839503737849e-05
"B0069";"B0070";1;"Berlin";8,7700715162419e-05;0;634;0;0;0
"B0070";"B0071";1;"Berlin";0,000219545605988213;0;634;0;0;0
"B0071";"B0041";1;"Berlin";0,0025498222357835;0;634;0;0;0
"B0072";"B0073";1;"Berlin";0,000116375635508563;1;634;1;0,00315457413249211;3,67115569427645e-07
"B0073";"B0074";1;"Berlin";0,000348758629198131;1;634;2;0,00630914826498423;2,20036990030367e-06
"B0074";"B0075";1;"Berlin";0,000580405068232582;1;634;3;0,00946372239747634;5,49279244384147e-06
"B0075";"B0076";1;"Berlin";0,000811314952611915;1;634;4;0,0126182965299685;1,02374126512544e-05
"B0076";"B0019";1;"Berlin";0,00539213953568275;1;634;5;0,0157728706624606;8,50495194902642e-05
"B0077";"B0078";2;"Berlin";0,000116375635508563;1;634;1;0,00315457413249211;3,67115569427645e-07
"B0078";"B0079";2;"Berlin";0,000348758629198131;1;634;2;0,00630914826498423;2,20036990030367e-06
"B0079";"B0080";2;"Berlin";0,000580405068232582;1;634;3;0,00946372239747634;5,49279244384147e-06
"B0080";"B0081";2;"Berlin";0,000811314952611915;1;634;4;0,0126182965299685;1,02374126512544e-05
"B0081";"B0082";2;"Berlin";0,00104148828233613;1;634;5;0,0157728706624606;1,6427259973756e-05
"B0082";"B0083";2;"Berlin";0,00207008685820771;1;634;6;0,0189274447949527;3,91814547294834e-05
"B0083";"B0018";3;"Berlin";0,00693455149860278;1;634;14;0,0441640378548896;0,000306257794890974
"B0084";"B0085";1;"Berlin";0,000116375635508563;1;634;1;0,00315457413249211;3,67115569427645e-07
"B0085";"B0086";1;"Berlin";0,000348758629198131;1;634;2;0,00630914826498423;2,20036990030367e-06
"B0086";"B0087";1;"Berlin";0,000580405068232582;1;634;3;0,00946372239747634;5,49279244384147e-06
"B0087";"B0088";1;"Berlin";0,000811314952611915;1;634;4;0,0126182965299685;1,02374126512544e-05
"B0088";"B0089";1;"Berlin";0,00104148828233613;1;634;5;0,0157728706624606;1,6427259973756e-05
"B0089";"B0090";1;"Berlin";0,00127092505740523;1;634;6;0,0189274447949527;2,40553638625595e-05
"B0090";"B0083";1;"Berlin";0,00218462110707847;1;634;7;0,0220820189274448;4,82408446358023e-05
"B0091";"B0092";1;"Berlin";0,000116375635508563;1;634;1;0,00315457413249211;3,67115569427645e-07
"B0092";"B0093";1;"Berlin";0,000348758629198131;1;634;2;0,00630914826498423;2,20036990030367e-06
"B0093";"B0094";1;"Berlin";0,000580405068232582;1;634;3;0,00946372239747634;5,49279244384147e-06
"B0094";"B0095";1;"Berlin";0,000811314952611915;1;634;4;0,0126182965299685;1,02374126512544e-05
"B0095";"B0096";1;"Berlin";0,00104148828233613;1;634;5;0,0157728706624606;1,6427259973756e-05
"B0096";"B0097";1;"Berlin";0,00127092505740523;1;634;6;0,0189274447949527;2,40553638625595e-05
"B0097";"B0098";1;"Berlin";0,00149962527781921;1;634;7;0,0220820189274448;3,31147537688784e-05
"B0098";"B0099";1;"Berlin";0,00172758894357807;1;634;8;0,0252365930599369;4,35984591439261e-05
"B0099";"B0021";1;"Berlin";0,00681303056554682;1;634;9;0,028391167192429;0,000193429889873569
"B0100";"B0101";2;"Berlin";0,000116375635508563;1;634;1;0,00315457413249211;3,67115569427645e-07
"B0101";"B0102";2;"Berlin";0,000348758629198131;1;634;2;0,00630914826498423;2,20036990030367e-06
"B0102";"B0103";2;"Berlin";0,000580405068232582;1;634;3;0,00946372239747634;5,49279244384147e-06
"B0103";"B0104";2;"Berlin";0,000811314952611915;1;634;4;0,0126182965299685;1,02374126512544e-05
"B0104";"B0105";2;"Berlin";0,00104148828233613;1;634;5;0,0157728706624606;1,6427259973756e-05
"B0105";"B0008";2;"Berlin";0,00282362079594946;1;634;6;0,0189274447949527;5,34439267372138e-05
"B0106";"B0107";1;"Berlin";0,000116375635508563;1;634;1;0,00315457413249211;3,67115569427645e-07
"B0107";"B0108";1;"Berlin";0,000348758629198131;1;634;2;0,00630914826498423;2,20036990030367e-06
"B0108";"B0109";1;"Berlin";0,000580405068232582;1;634;3;0,00946372239747634;5,49279244384147e-06
"B0109";"B0110";1;"Berlin";0,000811314952611915;1;634;4;0,0126182965299685;1,02374126512544e-05
"B0110";"B0111";1;"Berlin";0,00104148828233613;1;634;5;0,0157728706624606;1,6427259973756e-05
"B0111";"B0112";1;"Berlin";0,00127092505740523;1;634;6;0,0189274447949527;2,40553638625595e-05
"B0112";"B0113";1;"Berlin";0,00149962527781921;1;634;7;0,0220820189274448;3,31147537688784e-05
"B0113";"B0114";1;"Berlin";0,00172758894357807;1;634;8;0,0252365930599369;4,35984591439261e-05
"B0114";"B0035";1;"Berlin";0,00377278443667717;1;634;9;0,028391167192429;0,000107113753722696
"B0115";"B0009";1;"Berlin";0,000325132469500864;0;634;0;0;0
"B0116";"B0117";1;"Berlin";0,000116375635508563;1;634;1;0,00315457413249211;3,67115569427645e-07
"B0117";"B0118";1;"Berlin";0,000348758629198131;1;634;2;0,00630914826498423;2,20036990030367e-06
"B0118";"B0119";1;"Berlin";0,00248083883754489;1;634;3;0,00946372239747634;2,34779700714028e-05
"B0119";"B0120";1;"Berlin";0,00457480234248932;0;634;0;0;0
"B0119";"B0502";1;"Berlin";0,00247012810526839;0;634;0;0;0
"B0120";"B0121";1;"Berlin";0,00702852903363336;0;634;0;0;0
"B0121";"B0122";1;"Berlin";0,00901106505173392;0;634;0;0;0
"B0121";"B0493";1;"Berlin";0,00470218253499936;0;634;0;0;0
"B0121";"B0495";3;"Berlin";0,00633624402355448;0;634;0;0;0
"B0122";"B0123";1;"Berlin";0,00932324786341957;0;634;0;0;0
"B0123";"B0124";1;"Berlin";0,00916944016561193;0;634;0;0;0
"B0124";"B0125";1;"Berlin";0,00907575260560793;0;634;0;0;0
"B0125";"B0024";1;"Berlin";0,0180419657435285;0;634;0;0;0
"B0125";"B0434";1;"Berlin";0,00538455727792166;0;634;0;0;0
"B0126";"B0127";1;"Berlin";0,000116375635508563;1;634;1;0,00315457413249211;3,67115569427645e-07
"B0127";"B0128";1;"Berlin";0,000348758629198131;1;634;2;0,00630914826498423;2,20036990030367e-06
"B0128";"B0129";1;"Berlin";0,000580405068232582;1;634;3;0,00946372239747634;5,49279244384147e-06
"B0129";"B0130";1;"Berlin";0,000811314952611915;1;634;4;0,0126182965299685;1,02374126512544e-05
"B0130";"B0131";1;"Berlin";0,00104148828233613;1;634;5;0,0157728706624606;1,6427259973756e-05
"B0131";"B0132";1;"Berlin";0,00216840155977724;1;634;6;0,0189274447949527;4,1042300815973e-05
"B0132";"B0133";2;"Berlin";0,00450215963962836;0;634;0;0;0
"B0133";"B0060";2;"Berlin";0,00805913244909947;0;634;0;0;0
"B0133";"B0324";1;"Berlin";0,0039460762199033;1;634;10;0,0315457413249211;0,000124481899681492
"B0134";"B0135";1;"Berlin";0,000116375635508563;1;634;1;0,00315457413249211;3,67115569427645e-07
"B0135";"B0136";1;"Berlin";0,000348758629198131;1;634;2;0,00630914826498423;2,20036990030367e-06
"B0136";"B0137";2;"Berlin";0,000580405068232582;1;634;3;0,00946372239747634;5,49279244384147e-06
"B0137";"B0138";2;"Berlin";0,000831554860738997;1;634;4;0,0126182965299685;1,04928058137413e-05
"B0138";"B0139";1;"Berlin";0,00106134456824701;0;634;0;0;0
"B0138";"B0143";1;"Berlin";0,000511061516431;0;634;0;0;0
"B0139";"B0140";1;"Berlin";0,00126444951439565;0;634;0;0;0
"B0140";"B0141";1;"Berlin";0,00148394280162067;0;634;0;0;0
"B0141";"B0132";1;"Berlin";0,00238751122478605;0;634;0;0;0
"B0142";"B0030";1;"Berlin";0,0118717032942533;0;634;0;0;0
"B0142";"B0320";2;"Berlin";0,00198365663339728;0;634;0;0;0
"B0143";"B0144";1;"Berlin";0,000156164931773556;0;634;0;0;0
"B0144";"B0145";1;"Berlin";0,000365453868047461;0;634;0;0;0
"B0145";"B0146";2;"Berlin";0,000641137068524748;0;634;0;0;0
"B0146";"B0147";2;"Berlin";0,000896012599994967;0;634;0;0;0
"B0146";"B0150";1;"Berlin";0,00042706052699258;0;634;0;0;0
"B0147";"B0148";2;"Berlin";0,00201467662779209;0;634;0;0;0
"B0148";"B0149";3;"Berlin";0,00315242969706767;0;634;0;0;0
"B0149";"B0059";3;"Berlin";0,00684270157466934;0;634;0;0;0
"B0150";"B0151";1;"Berlin";0,000766290142833456;0;634;0;0;0
"B0151";"B0152";1;"Berlin";0,000777528739279457;0;634;0;0;0
"B0151";"B0163";1;"Berlin";0,00155421044070553;0;634;0;0;0
"B0152";"B0153";1;"Berlin";8,14382305408307e-05;0;634;0;0;0
"B0153";"B0154";1;"Berlin";0,000199016742826093;0;634;0;0;0
"B0154";"B0155";1;"Berlin";0,000411635519936676;0;634;0;0;0
"B0155";"B0156";1;"Berlin";0,000899529837718063;0;634;0;0;0
"B0156";"B0157";1;"Berlin";0,00128255921917663;0;634;0;0;0
"B0156";"B0174";1;"Berlin";0,000721591707724116;0;634;0;0;0
"B0156";"B0314";2;"Berlin";0,000644792572739005;0;634;0;0;0
"B0157";"B0031";1;"Berlin";0,00679500315320235;0;634;0;0;0
"B0158";"B0159";1;"Berlin";0,000116375635508563;1;634;1;0,00315457413249211;3,67115569427645e-07
"B0159";"B0160";1;"Berlin";0,000348758629198131;1;634;2;0,00630914826498423;2,20036990030367e-06
"B0160";"B0161";1;"Berlin";0,000580405068232582;1;634;3;0,00946372239747634;5,49279244384147e-06
"B0161";"B0162";1;"Berlin";0,000811314952611915;1;634;4;0,0126182965299685;1,02374126512544e-05
"B0162";"B0151";1;"Berlin";0,0012068418959256;1;634;5;0,0157728706624606;1,90353611344733e-05
"B0163";"B0148";1;"Berlin";0,00233364485266177;0;634;0;0;0
"B0164";"B0165";1;"Berlin";0,000116375635508563;1;634;1;0,00315457413249211;3,67115569427645e-07
"B0165";"B0166";1;"Berlin";0,000348758629198131;1;634;2;0,00630914826498423;2,20036990030367e-06
"B0166";"B0167";1;"Berlin";0,000580405068232582;1;634;3;0,00946372239747634;5,49279244384147e-06
"B0167";"B0168";1;"Berlin";0,000811314952611915;1;634;4;0,0126182965299685;1,02374126512544e-05
"B0168";"B0169";1;"Berlin";0,00104148828233613;1;634;5;0,0157728706624606;1,6427259973756e-05
"B0169";"B0170";1;"Berlin";0,00127092505740523;1;634;6;0,0189274447949527;2,40553638625595e-05
"B0170";"B0171";1;"Berlin";0,00149962527781921;1;634;7;0,0220820189274448;3,31147537688784e-05
"B0171";"B0172";1;"Berlin";0,00202970440755792;1;634;8;0,0252365930599369;5,12228241654996e-05
"B0172";"B0173";1;"Berlin";0,0027186327039027;0;634;0;0;0
"B0172";"B0312";2;"Berlin";0,00124362083613768;0;634;0;0;0
"B0173";"B0032";1;"Berlin";0,00636175135210926;0;634;0;0;0
"B0173";"B0175";1;"Berlin";0,00164444933108226;0;634;0;0;0
"B0174";"B0173";1;"Berlin";0,0015779630772607;0;634;0;0;0
"B0175";"B0033";1;"Berlin";0,00373185575662526;0;634;0;0;0
"B0176";"B0177";1;"Berlin";0,00144367167585212;1;634;1;0,00315457413249211;4,55416932445463e-06
"B0177";"B0178";1;"Berlin";0,00296241054697163;0;634;0;0;0
"B0177";"B0617";2;"Berlin";0,00167605466954169;1;634;3;0,00946372239747634;1,58617161155365e-05
"B0178";"B0179";1;"Berlin";0,00562658660668306;0;634;0;0;0
"B0179";"B0184";2;"Berlin";0,0112856912245388;0;634;0;0;0
"B0179";"B0558";2;"Berlin";0,00479392209128209;0;634;0;0;0
"B0180";"B0181";1;"Berlin";0,000116375635508563;1;634;1;0,00315457413249211;3,67115569427645e-07
"B0181";"B0182";1;"Berlin";0,00175640795973571;1;634;2;0,00630914826498423;1,10814382317711e-05
"B0182";"B0183";1;"Berlin";0,00325197736427248;0;634;0;0;0
"B0182";"B0585";2;"Berlin";0,00177205053922377;0;634;0;0;0
"B0183";"B0179";1;"Berlin";0,00571979277560888;0;634;0;0;0
"B0184";"B0185";3;"Berlin";0,0162621704330769;0;634;0;0;0
"B0184";"B0453";3;"Berlin";0,00728686892282127;0;634;0;0;0
"B0185";"B0186";3;"Berlin";0,0141946181120485;0;634;0;0;0
"B0185";"B0210";1;"Berlin";0,0125291964273475;0;634;0;0;0
"B0185";"B0450";2;"Berlin";0,0108474075921306;0;634;0;0;0
"B0186";"B0024";3;"Berlin";0,0182315791247943;0;634;0;0;0
"B0187";"B0188";1;"Berlin";0,000116375635508563;1;634;1;0,00315457413249211;3,67115569427645e-07
"B0188";"B0189";1;"Berlin";0,000348758629198131;1;634;2;0,00630914826498423;2,20036990030367e-06
"B0189";"B0190";1;"Berlin";0,000580405068232582;1;634;3;0,00946372239747634;5,49279244384147e-06
"B0190";"B0191";1;"Berlin";0,000811314952611915;1;634;4;0,0126182965299685;1,02374126512544e-05
"B0191";"B0192";1;"Berlin";0,00104148828233613;1;634;5;0,0157728706624606;1,6427259973756e-05
"B0192";"B0193";1;"Berlin";0,00127092505740523;1;634;6;0,0189274447949527;2,40553638625595e-05
"B0193";"B0194";1;"Berlin";0,00149962527781921;1;634;7;0,0220820189274448;3,31147537688784e-05
"B0194";"B0195";1;"Berlin";0,00172758894357807;1;634;8;0,0252365930599369;4,35984591439261e-05
"B0195";"B0196";1;"Berlin";0,00265195188298882;1;634;9;0,028391167192429;7,52920092962127e-05
"B0196";"B0197";1;"Berlin";0,00508169794086501;0;634;0;0;0
"B0196";"B0479";1;"Berlin";0,00233512815919471;0;634;0;0;0
"B0197";"B0198";1;"Berlin";0,0063030498010031;0;634;0;0;0
"B0197";"B0206";1;"Berlin";0,00378024093930361;0;634;0;0;0
"B0198";"B0199";1;"Berlin";0,00599587845059415;0;634;0;0;0
"B0199";"B0184";1;"Berlin";0,0102211115153393;0;634;0;0;0
"B0200";"B0201";1;"Berlin";0,000116375635508563;1;634;1;0,00315457413249211;3,67115569427645e-07
"B0201";"B0202";1;"Berlin";0,00127139504942326;1;634;2;0,00630914826498423;8,02141987017826e-06
"B0202";"B0203";1;"Berlin";0,00239566330648679;0;634;0;0;0
"B0202";"B0572";2;"Berlin";0,00150304148845771;1;634;4;0,0126182965299685;1,89658231982045e-05
"B0203";"B0204";1;"Berlin";0,00259085029009293;0;634;0;0;0
"B0204";"B0205";1;"Berlin";0,0028107118546455;0;634;0;0;0
"B0205";"B0197";1;"Berlin";0,00481094483389773;0;634;0;0;0
"B0206";"B0207";1;"Berlin";0,000951626422284847;0;634;0;0;0
"B0207";"B0208";1;"Berlin";0,0016927810365937;0;634;0;0;0
"B0208";"B0209";1;"Berlin";0,00193294914993263;0;634;0;0;0
"B0208";"B0456";3;"Berlin";0,00200184331570951;0;634;0;0;0
"B0209";"B0185";1;"Berlin";0,00984631991719488;0;634;0;0;0
"B0210";"B0025";1;"Berlin";0,0131425031223262;0;634;0;0;0
"B0211";"B0212";5;"Berlin";0,00777420810990302;0;634;0;0;0
"B0211";"B0261";2;"Berlin";0,00527884982996626;0;634;0;0;0
"B0211";"B0393";1;"Berlin";0,00501719511268989;0;634;0;0;0
"B0212";"B0213";5;"Berlin";0,00675651706199065;0;634;0;0;0
"B0213";"B0214";4;"Berlin";0,00780424080267783;0;634;0;0;0
"B0213";"B0277";1;"Berlin";0,00375542090153076;0;634;0;0;0
"B0214";"B0215";4;"Berlin";0,00655326783103873;0;634;0;0;0
"B0214";"B0364";2;"Berlin";0,00478518999417273;0;634;0;0;0
"B0214";"B0367";1;"Berlin";0,00436216397718904;0;634;0;0;0
"B0214";"B0634";1;"Berlin";0,00443135552328483;0;634;0;0;0
"B0215";"B0216";4;"Berlin";0,00615976006965981;0;634;0;0;0
"B0215";"B0365";1;"Berlin";0,00225756300404419;0;634;0;0;0
"B0215";"B0366";2;"Berlin";0,0022535909167213;0;634;0;0;0
"B0216";"B0217";4;"Berlin";0,00554405886935075;0;634;0;0;0
"B0216";"B0254";4;"Berlin";0,00566897740236251;0;634;0;0;0
"B0216";"B0306";1;"Berlin";0,00437915248331635;0;634;0;0;0
"B0216";"B0360";2;"Berlin";0,00505600298671756;0;634;0;0;0
"B0217";"B0218";4;"Berlin";0,00292657576813052;0;634;0;0;0
"B0217";"B0255";1;"Berlin";0,00163788971641224;0;634;0;0;0
"B0217";"B0353";3;"Berlin";0,00164377952310084;0;634;0;0;0
"B0217";"B0354";3;"Berlin";0,00174449995522943;0;634;0;0;0
"B0218";"B0219";4;"Berlin";0,00250087881001779;0;634;0;0;0
"B0219";"B0220";4;"Berlin";0,00326328196072242;0;634;0;0;0
"B0220";"B0221";4;"Berlin";0,0026061239086152;0;634;0;0;0
"B0220";"B0270";1;"Berlin";0,00259288621604947;0;634;0;0;0
"B0220";"B0271";1;"Berlin";0,00253617076929178;0;634;0;0;0
"B0221";"B0222";4;"Berlin";0,00104757274989786;0;634;0;0;0
"B0222";"B0008";4;"Berlin";0,00273796343538781;0;634;0;0;0
"B0223";"B0224";1;"Berlin";0,00107299060802206;0;634;0;0;0
"B0224";"B0225";1;"Berlin";0,00144621512768101;0;634;0;0;0
"B0225";"B0226";1;"Berlin";0,00123078618996265;0;634;0;0;0
"B0225";"B0233";1;"Berlin";0,00130239143220919;0;634;0;0;0
"B0226";"B0283";1;"Berlin";0,000574919051328127;0;634;0;0;0
"B0227";"B0228";1;"Berlin";0,000116375635508563;1;634;1;0,00315457413249211;3,67115569427645e-07
"B0228";"B0229";1;"Berlin";0,000348758629198131;1;634;2;0,00630914826498423;2,20036990030367e-06
"B0229";"B0230";1;"Berlin";0,000580405068232582;1;634;3;0,00946372239747634;5,49279244384147e-06
"B0230";"B0231";1;"Berlin";0,000811314952611915;1;634;4;0,0126182965299685;1,02374126512544e-05
"B0231";"B0232";1;"Berlin";0,00104148828233613;1;634;5;0,0157728706624606;1,6427259973756e-05
"B0232";"B0225";1;"Berlin";0,00151740678864304;1;634;6;0,0189274447949527;2,87206332235275e-05
"B0233";"B0234";1;"Berlin";0,000816139970170121;0;634;0;0;0
"B0234";"B0220";1;"Berlin";0,00250404912475965;0;634;0;0;0
"B0235";"B0236";1;"Berlin";0,0013358523584296;0;634;0;0;0
"B0236";"B0237";1;"Berlin";0,00127730196287783;0;634;0;0;0
"B0237";"B0220";1;"Berlin";0,00268674332710882;0;634;0;0;0
"B0238";"B0239";1;"Berlin";0,000322581148798877;0;634;0;0;0
"B0239";"B0240";1;"Berlin";0,000419638386564754;0;634;0;0;0
"B0240";"B0241";2;"Berlin";0,00089926172210646;0;634;0;0;0
"B0240";"B0355";1;"Berlin";0,000271369484672247;0;634;0;0;0
"B0240";"B0357";2;"Berlin";0,00112650902575631;0;634;0;0;0
"B0241";"B0216";3;"Berlin";0,00453406139037273;0;634;0;0;0
"B0241";"B0358";1;"Berlin";0,00102380653222503;0;634;0;0;0
"B0242";"B0243";1;"Berlin";0,000698076631302214;0;634;0;0;0
"B0243";"B0244";1;"Berlin";0,0009541762488579;0;634;0;0;0
"B0243";"B0381";1;"Berlin";0,000419361528986535;0;634;0;0;0
"B0244";"B0245";1;"Berlin";0,000739653089428648;0;634;0;0;0
"B0244";"B0248";1;"Berlin";0,00155686445106744;0;634;0;0;0
"B0244";"B0360";1;"Berlin";0,00168950981437418;0;634;0;0;0
"B0245";"B0214";1;"Berlin";0,00449965402315094;0;634;0;0;0
"B0246";"B0247";1;"Berlin";0,00270742589157625;0;634;0;0;0
"B0246";"B0373";1;"Berlin";0,0022153277834326;0;634;0;0;0
"B0246";"B0379";1;"Berlin";0,00202674173249757;0;634;0;0;0
"B0246";"B0383";1;"Berlin";0,00212662650637751;0;634;0;0;0
"B0247";"B0248";1;"Berlin";0,00169787262955098;0;634;0;0;0
"B0248";"B0214";1;"Berlin";0,00531686538478973;0;634;0;0;0
"B0248";"B0363";1;"Berlin";0,0012032015158496;0;634;0;0;0
"B0249";"B0250";1;"Berlin";0,000976738292700905;0;634;0;0;0
"B0250";"B0251";1;"Berlin";0,000804973707270652;0;634;0;0;0
"B0250";"B0391";1;"Berlin";0,000933093629698482;0;634;0;0;0
"B0250";"B0392";1;"Berlin";0,000713229142309977;0;634;0;0;0
"B0251";"B0252";1;"Berlin";0,000412579987357777;0;634;0;0;0
"B0252";"B0253";1;"Berlin";0,000454639450291937;0;634;0;0;0
"B0253";"B0214";1;"Berlin";0,00455028996121879;0;634;0;0;0
"B0254";"B0217";3;"Berlin";0,00340069796583623;0;634;0;0;0
"B0254";"B0256";4;"Berlin";0,00337741843244339;0;634;0;0;0
"B0255";"B0254";1;"Berlin";0,00176280824942399;0;634;0;0;0
"B0256";"B0257";4;"Berlin";0,0030164242765171;0;634;0;0;0
"B0256";"B0299";1;"Berlin";0,00164664811839006;0;634;0;0;0
"B0257";"B0258";1;"Berlin";0,00162098203899535;0;634;0;0;0
"B0257";"B0260";3;"Berlin";0,00315750370900766;0;634;0;0;0
"B0258";"B0259";1;"Berlin";0,000438627443879621;0;634;0;0;0
"B0259";"B0017";1;"Berlin";0,00359118137175427;0;634;0;0;0
"B0260";"B0018";3;"Berlin";0,00719834966017227;0;634;0;0;0
"B0260";"B0266";1;"Berlin";0,00252921250032534;0;634;0;0;0
"B0261";"B0262";2;"Berlin";0,00144973272086953;0;634;0;0;0
"B0262";"B0263";2;"Berlin";0,00157135242420952;0;634;0;0;0
"B0263";"B0264";2;"Berlin";0,00143741707555973;0;634;0;0;0
"B0263";"B0279";1;"Berlin";0,00104690822568799;0;634;0;0;0
"B0264";"B0265";2;"Berlin";0,00131262091456444;0;634;0;0;0
"B0265";"B0266";2;"Berlin";0,00152694132085356;0;634;0;0;0
"B0265";"B0290";1;"Berlin";0,000984197905427526;0;634;0;0;0
"B0266";"B0267";2;"Berlin";0,00144396308055069;0;634;0;0;0
"B0266";"B0290";1;"Berlin";0,00100430235420471;0;634;0;0;0
"B0267";"B0268";2;"Berlin";0,000896456949237528;0;634;0;0;0
"B0267";"B0298";1;"Berlin";0,000802949997499857;0;634;0;0;0
"B0268";"B0269";2;"Berlin";0,00075567128367048;0;634;0;0;0
"B0269";"B0270";2;"Berlin";0,00107145154379483;0;634;0;0;0
"B0269";"B0295";1;"Berlin";0,000608585129971909;0;634;0;0;0
"B0269";"B0297";1;"Berlin";0,00075567128367048;0;634;0;0;0
"B0270";"B0271";1;"Berlin";0,00102687858049543;0;634;0;0;0
"B0270";"B0273";1;"Berlin";0,000548806558761093;0;634;0;0;0
"B0271";"B0272";1;"Berlin";0,000485081566868868;1;634;1;0,00315457413249211;1,53022576299328e-06
"B0271";"B0274";1;"Berlin";0,00082645006760597;0;634;0;0;0
"B0273";"B0274";1;"Berlin";0,000348378045871637;0;634;0;0;0
"B0274";"B0275";1;"Berlin";0,000464251581149791;0;634;0;0;0
"B0274";"B0305";1;"Berlin";0,000504799529569212;0;634;0;0;0
"B0275";"B0276";1;"Berlin";0,000656163015596702;0;634;0;0;0
"B0276";"B0040";1;"Berlin";0,00275309834406403;0;634;0;0;0
"B0276";"B0285";1;"Berlin";0,000548219280346589;0;634;0;0;0
"B0277";"B0278";1;"Berlin";0,000449274403874087;0;634;0;0;0
"B0278";"B0263";1;"Berlin";0,0010766319877372;0;634;0;0;0
"B0279";"B0280";1;"Berlin";0,000389360960821491;0;634;0;0;0
"B0280";"B0281";1;"Berlin";0,000245010463518608;0;634;0;0;0
"B0280";"B0293";1;"Berlin";0,000347068733351138;0;634;0;0;0
"B0281";"B0282";1;"Berlin";0,000123071062136816;0;634;0;0;0
"B0282";"B0020";1;"Berlin";0,00490292176422804;0;634;0;0;0
"B0283";"B0284";1;"Berlin";0,000600195151909577;0;634;0;0;0
"B0284";"B0276";1;"Berlin";0,0008501308413523;0;634;0;0;0
"B0285";"B0286";1;"Berlin";0,000336367047047457;0;634;0;0;0
"B0286";"B0041";1;"Berlin";0,00270494656489401;0;634;0;0;0
"B0286";"B0287";1;"Berlin";0,000475799619955334;0;634;0;0;0
"B0287";"B0288";1;"Berlin";0,000268619948232484;0;634;0;0;0
"B0287";"B0296";1;"Berlin";0,000213456388818083;0;634;0;0;0
"B0288";"B0289";1;"Berlin";0,000311327769247481;0;634;0;0;0
"B0289";"B0260";1;"Berlin";0,00195276935459542;0;634;0;0;0
"B0290";"B0291";1;"Berlin";0,000305333249618645;0;634;0;0;0
"B0290";"B0308";1;"Berlin";0,000290298533860124;0;634;0;0;0
"B0291";"B0292";1;"Berlin";0,000150997837148215;0;634;0;0;0
"B0292";"B0280";1;"Berlin";0,000297111389085888;0;634;0;0;0
"B0293";"B0294";1;"Berlin";0,000334025540698173;0;634;0;0;0
"B0294";"B0021";1;"Berlin";0,00609996138616397;0;634;0;0;0
"B0295";"B0287";1;"Berlin";0,000233302517874092;0;634;0;0;0
"B0296";"B0042";1;"Berlin";0,00248179439857716;0;634;0;0;0
"B0297";"B0267";1;"Berlin";0,000896456949237528;0;634;0;0;0
"B0298";"B0256";1;"Berlin";0,00174711998478394;0;634;0;0;0
"B0299";"B0300";1;"Berlin";0,000429171481160042;0;634;0;0;0
"B0300";"B0301";1;"Berlin";0,000442968867680784;0;634;0;0;0
"B0300";"B0307";1;"Berlin";0,000660271953647662;0;634;0;0;0
"B0301";"B0302";1;"Berlin";0,000118716966589889;0;634;0;0;0
"B0302";"B0303";1;"Berlin";0,000217592573660587;0;634;0;0;0
"B0303";"B0304";1;"Berlin";0,000389808119461257;0;634;0;0;0
"B0304";"B0214";1;"Berlin";0,00454477410481658;0;634;0;0;0
"B0305";"B0286";1;"Berlin";0,000484858730716991;0;634;0;0;0
"B0306";"B0254";1;"Berlin";0,00223579157980183;0;634;0;0;0
"B0306";"B0300";1;"Berlin";0,000870116876167217;0;634;0;0;0
"B0307";"B0265";1;"Berlin";0,00101655684389646;0;634;0;0;0
"B0308";"B0309";1;"Berlin";0,00016576312764297;0;634;0;0;0
"B0309";"B0019";1;"Berlin";0,00503509072078604;0;634;0;0;0
"B0310";"B0311";2;"Berlin";0,000116375635508563;1;634;1;0,00315457413249211;3,67115569427645e-07
"B0311";"B0172";2;"Berlin";0,00133918441838527;1;634;2;0,00630914826498423;8,44911304974936e-06
"B0312";"B0313";2;"Berlin";8,1270002516604e-05;0;634;0;0;0
"B0313";"B0156";2;"Berlin";0,000699910500745038;0;634;0;0;0
"B0314";"B0315";2;"Berlin";5,14876548032556e-05;0;634;0;0;0
"B0315";"B0316";2;"Berlin";0,00020296260403871;0;634;0;0;0
"B0316";"B0059";2;"Berlin";0,00537007027789967;0;634;0;0;0
"B0317";"B0318";2;"Berlin";2,14490853525672e-05;0;634;0;0;0
"B0318";"B0319";2;"Berlin";0,000600435409023266;0;634;0;0;0
"B0319";"B0142";2;"Berlin";0,00258126858290926;0;634;0;0;0
"B0319";"B0377";1;"Berlin";0,00108208954242331;0;634;0;0;0
"B0320";"B0060";2;"Berlin";0,00514717896498113;0;634;0;0;0
"B0321";"B0322";1;"Berlin";0,00214972683029228;0;634;0;0;0
"B0321";"B0334";1;"Berlin";0,00407452828277806;1;634;18;0,056782334384858;0,000231361227413265
"B0322";"B0323";1;"Berlin";8,56244786574082e-06;0;634;0;0;0
"B0323";"B0133";1;"Berlin";0,00291701729737228;0;634;0;0;0
"B0324";"B0325";1;"Berlin";0,00195481605468182;1;634;9;0,028391167192429;5,5499509438916e-05
"B0325";"B0326";1;"Berlin";0,00172758894357807;1;634;8;0,0252365930599369;4,35984591439261e-05
"B0326";"B0327";1;"Berlin";0,00149962527781921;1;634;7;0,0220820189274448;3,31147537688784e-05
"B0327";"B0328";1;"Berlin";0,00127092505740523;1;634;6;0,0189274447949527;2,40553638625595e-05
"B0328";"B0329";1;"Berlin";0,00104148828233613;1;634;5;0,0157728706624606;1,6427259973756e-05
"B0329";"B0330";1;"Berlin";0,000811314952611915;1;634;4;0,0126182965299685;1,02374126512544e-05
"B0330";"B0331";1;"Berlin";0,000580405068232582;1;634;3;0,00946372239747634;5,49279244384147e-06
"B0331";"B0332";1;"Berlin";0,000348758629198131;1;634;2;0,00630914826498423;2,20036990030367e-06
"B0332";"B0333";1;"Berlin";0,000116375635508563;1;634;1;0,00315457413249211;3,67115569427645e-07
"B0334";"B0335";1;"Berlin";0,00374611697592755;1;634;17;0,0536277602523659;0,000200895863062361
"B0335";"B0336";1;"Berlin";0,00352478230206475;1;634;16;0,0504731861198738;0,000177906993164151
"B0336";"B0343";1;"Berlin";0,00331154972940823;1;634;15;0,0473186119873817;0,000156697936722787
"B0337";"B0338";1;"Berlin";0,00104148828233613;1;634;5;0,0157728706624606;1,6427259973756e-05
"B0338";"B0339";1;"Berlin";0,000811314952611915;1;634;4;0,0126182965299685;1,02374126512544e-05
"B0339";"B0340";1;"Berlin";0,000580405068232582;1;634;3;0,00946372239747634;5,49279244384147e-06
"B0340";"B0341";1;"Berlin";0,000348758629198131;1;634;2;0,00630914826498423;2,20036990030367e-06
"B0341";"B0342";1;"Berlin";0,000116375635508563;1;634;1;0,00315457413249211;3,67115569427645e-07
"B0343";"B0337";1;"Berlin";0,00218277972044068;1;634;6;0,0189274447949527;4,13144426581832e-05
"B0343";"B0344";1;"Berlin";0,00241147994085466;1;634;8;0,0252365930599369;6,08575379395498e-05
"B0344";"B0345";1;"Berlin";0,00149962527781921;1;634;7;0,0220820189274448;3,31147537688784e-05
"B0345";"B0346";1;"Berlin";0,00127092505740523;1;634;6;0,0189274447949527;2,40553638625595e-05
"B0346";"B0347";1;"Berlin";0,00104148828233613;1;634;5;0,0157728706624606;1,6427259973756e-05
"B0347";"B0348";1;"Berlin";0,000811314952611915;1;634;4;0,0126182965299685;1,02374126512544e-05
"B0348";"B0349";1;"Berlin";0,000580405068232582;1;634;3;0,00946372239747634;5,49279244384147e-06
"B0349";"B0350";1;"Berlin";0,000348758629198131;1;634;2;0,00630914826498423;2,20036990030367e-06
"B0350";"B0351";1;"Berlin";0,000116375635508563;1;634;1;0,00315457413249211;3,67115569427645e-07
"B0352";"B0254";3;"Berlin";0,00176979467451751;0;634;0;0;0
"B0353";"B0352";3;"Berlin";1,28762317821167e-05;0;634;0;0;0
"B0354";"B0240";3;"Berlin";0,000377979723489443;0;634;0;0;0
"B0355";"B0241";1;"Berlin";0,000627892237434213;0;634;0;0;0
"B0356";"B0357";4;"Berlin";0,00169075468427745;0;634;0;0;0
"B0357";"B0241";1;"Berlin";0,00148303177851828;0;634;0;0;0
"B0357";"B0358";6;"Berlin";0,00125105383587488;0;634;0;0;0
"B0357";"B0380";1;"Berlin";0,000860322606044065;0;634;0;0;0
"B0358";"B0216";4;"Berlin";0,00430208344772933;0;634;0;0;0
"B0358";"B0359";4;"Berlin";0,000489858441556004;0;634;0;0;0
"B0359";"B0215";2;"Berlin";0,00234753506348649;0;634;0;0;0
"B0359";"B0244";1;"Berlin";0,00063362012736033;0;634;0;0;0
"B0359";"B0360";1;"Berlin";0,00124377798054423;0;634;0;0;0
"B0360";"B0361";2;"Berlin";0,00116074448803336;0;634;0;0;0
"B0360";"B0372";2;"Berlin";0,00210099951088811;0;634;0;0;0
"B0361";"B0362";2;"Berlin";3,46378377899233e-05;0;634;0;0;0
"B0362";"B0216";2;"Berlin";0,00392989633647412;0;634;0;0;0
"B0363";"B0364";1;"Berlin";0,000671526125232607;0;634;0;0;0
"B0363";"B0368";1;"Berlin";0,000241392130855863;0;634;0;0;0
"B0364";"B0395";1;"Berlin";0,000645118348949419;0;634;0;0;0
"B0364";"B0410";3;"Berlin";0,000598728850722309;0;634;0;0;0
"B0365";"B0244";1;"Berlin";0,000543648067918027;0;634;0;0;0
"B0366";"B0214";2;"Berlin";0,00429967691431743;0;634;0;0;0
"B0367";"B0363";1;"Berlin";0,000248500108248913;0;634;0;0;0
"B0368";"B0369";1;"Berlin";9,11345293727456e-05;0;634;0;0;0
"B0369";"B0370";1;"Berlin";0,000214468041991636;0;634;0;0;0
"B0370";"B0371";1;"Berlin";0,000296097643592051;0;634;0;0;0
"B0370";"B0384";1;"Berlin";0,000248956675649989;0;634;0;0;0
"B0371";"B0029";1;"Berlin";0,00931780764594748;0;634;0;0;0
"B0372";"B0246";2;"Berlin";0,00297790740960664;0;634;0;0;0
"B0373";"B0374";1;"Berlin";0,000266443385384072;0;634;0;0;0
"B0374";"B0375";1;"Berlin";9,29365373110095e-05;0;634;0;0;0
"B0375";"B0376";1;"Berlin";6,90603289996737e-05;0;634;0;0;0
"B0376";"B0377";1;"Berlin";0,000538458719049033;0;634;0;0;0
"B0377";"B0378";2;"Berlin";0,00159854456800149;0;634;0;0;0
"B0378";"B0400";1;"Berlin";0,00180679662822816;1;634;7;0,0220820189274448;3,98977173425777e-05
"B0378";"B0407";2;"Berlin";0,00128651897167501;0;634;0;0;0
"B0379";"B0030";1;"Berlin";0,009888046660856;0;634;0;0;0
"B0380";"B0243";1;"Berlin";0,000419683333222759;0;634;0;0;0
"B0381";"B0382";1;"Berlin";3,8536276500513e-05;0;634;0;0;0
"B0382";"B0246";1;"Berlin";0,0020604167482743;0;634;0;0;0
"B0383";"B0370";1;"Berlin";0,000278597371977388;0;634;0;0;0
"B0384";"B0385";1;"Berlin";0,000572989992897959;0;634;0;0;0
"B0385";"B0028";1;"Berlin";0,0103198873142057;0;634;0;0;0
"B0385";"B0386";1;"Berlin";0,000555898417496113;0;634;0;0;0
"B0386";"B0387";1;"Berlin";5,72956220857316e-05;0;634;0;0;0
"B0387";"B0388";1;"Berlin";7,11410959003806e-05;0;634;0;0;0
"B0388";"B0389";1;"Berlin";0,000701948802452605;0;634;0;0;0
"B0389";"B0027";3;"Berlin";0,0105498638772863;0;634;0;0;0
"B0389";"B0390";1;"Berlin";0,000824001389122947;0;634;0;0;0
"B0390";"B0391";1;"Berlin";0,000525724069030722;0;634;0;0;0
"B0391";"B0427";1;"Berlin";0,000455541151820079;0;634;0;0;0
"B0392";"B0393";1;"Berlin";0,000611749195423646;0;634;0;0;0
"B0393";"B0414";1;"Berlin";0,000592441598888294;0;634;0;0;0
"B0394";"B0378";1;"Berlin";0,00194746979884781;0;634;0;0;0
"B0395";"B0396";1;"Berlin";0,000327297294505881;0;634;0;0;0
"B0396";"B0385";1;"Berlin";0,00067043794075718;0;634;0;0;0
"B0397";"B0398";1;"Berlin";0,00248898521971557;0;634;0;0;0
"B0398";"B0399";1;"Berlin";0,00236786801361469;0;634;0;0;0
"B0399";"B0598";3;"Berlin";0,002156283481999;0;634;0;0;0
"B0400";"B0401";1;"Berlin";0,00127092505740523;1;634;6;0,0189274447949527;2,40553638625595e-05
"B0401";"B0402";1;"Berlin";0,00104148828233613;1;634;5;0,0157728706624606;1,6427259973756e-05
"B0402";"B0403";1;"Berlin";0,000811314952611915;1;634;4;0,0126182965299685;1,02374126512544e-05
"B0403";"B0404";1;"Berlin";0,000580405068232582;1;634;3;0,00946372239747634;5,49279244384147e-06
"B0404";"B0405";1;"Berlin";0,000348758629198131;1;634;2;0,00630914826498423;2,20036990030367e-06
"B0405";"B0406";1;"Berlin";0,000116375635508563;1;634;1;0,00315457413249211;3,67115569427645e-07
"B0407";"B0408";2;"Berlin";0,000271371286767121;0;634;0;0;0
"B0408";"B0409";2;"Berlin";0,000199888657487968;0;634;0;0;0
"B0409";"B0399";2;"Berlin";0,00127609540802892;0;634;0;0;0
"B0410";"B0411";3;"Berlin";0,000205749700813864;0;634;0;0;0
"B0411";"B0412";3;"Berlin";0,000236104959537893;0;634;0;0;0
"B0412";"B0389";3;"Berlin";0,000778521856078298;0;634;0;0;0
"B0413";"B0393";1;"Berlin";0,000494940176417116;1;634;1;0,00315457413249211;1,56132547765652e-06
"B0415";"B0414";1;"Berlin";0,00012899220295518;0;634;0;0;0
"B0415";"B0416";1;"Berlin";8,20399126691697e-05;0;634;0;0;0
"B0416";"B0417";1;"Berlin";0,00033603713194152;0;634;0;0;0
"B0417";"B0418";1;"Berlin";0,000621368142194225;0;634;0;0;0
"B0417";"B0425";1;"Berlin";0,000302045606247282;0;634;0;0;0
"B0417";"B0432";1;"Berlin";0,000337629931383212;0;634;0;0;0
"B0418";"B0025";2;"Berlin";0,0100335137815182;0;634;0;0;0
"B0419";"B0420";2;"Berlin";0,000947179779123783;0;634;0;0;0
"B0420";"B0421";3;"Berlin";0,000608297120259688;0;634;0;0;0
"B0421";"B0422";2;"Berlin";0,000528502344155604;0;634;0;0;0
"B0421";"B0431";1;"Berlin";0,000378818030497651;0;634;0;0;0
"B0422";"B0431";1;"Berlin";0,000558655701344752;0;634;0;0;0
"B0422";"B0592";2;"Berlin";0,000454988994898289;0;634;0;0;0
"B0423";"B0424";1;"Berlin";0,00055553750040086;0;634;0;0;0
"B0424";"B0422";1;"Berlin";0,000585581849095326;0;634;0;0;0
"B0425";"B0426";1;"Berlin";4,84975139300833e-05;0;634;0;0;0
"B0426";"B0250";1;"Berlin";0,000628360030742601;0;634;0;0;0
"B0427";"B0428";1;"Berlin";0,000153525610926052;0;634;0;0;0
"B0428";"B0429";1;"Berlin";6,82816855071209e-05;0;634;0;0;0
"B0429";"B0430";1;"Berlin";0,000150392184664073;0;634;0;0;0
"B0430";"B0420";1;"Berlin";0,000550733248263395;0;634;0;0;0
"B0431";"B0442";2;"Berlin";0,000384023667722424;0;634;0;0;0
"B0432";"B0433";1;"Berlin";0,000168468463491748;0;634;0;0;0
"B0433";"B0125";1;"Berlin";0,0050370043185459;0;634;0;0;0
"B0434";"B0435";1;"Berlin";0,000813500941606209;0;634;0;0;0
"B0435";"B0436";1;"Berlin";0,000586457969166245;0;634;0;0;0
"B0436";"B0437";1;"Berlin";0,000368407101474171;0;634;0;0;0
"B0437";"B0438";1;"Berlin";0,000184176368362908;0;634;0;0;0
"B0438";"B0439";1;"Berlin";9,22262881792888e-05;0;634;0;0;0
"B0439";"B0440";1;"Berlin";0,000153015722197539;0;634;0;0;0
"B0440";"B0441";1;"Berlin";0,000556215206411591;0;634;0;0;0
"B0441";"B0459";4;"Berlin";0,000612737705178998;0;634;0;0;0
"B0442";"B0443";2;"Berlin";0,000553603247294105;0;634;0;0;0
"B0443";"B0444";2;"Berlin";0,000441868052254578;0;634;0;0;0
"B0443";"B0450";2;"Berlin";0,00213714592144405;0;634;0;0;0
"B0444";"B0445";2;"Berlin";7,01505468026849e-05;0;634;0;0;0
"B0445";"B0446";2;"Berlin";5,29001152678808e-05;0;634;0;0;0
"B0447";"B0446";2;"Berlin";0,000222590178037828;0;634;0;0;0
"B0447";"B0448";2;"Berlin";0,000172590246724473;0;634;0;0;0
"B0448";"B0449";2;"Berlin";0,00010854974229794;0;634;0;0;0
"B0449";"B0185";2;"Berlin";0,00919232427040826;0;634;0;0;0
"B0450";"B0447";2;"Berlin";0,0019351184787621;0;634;0;0;0
"B0450";"B0451";2;"Berlin";0,00296699633040871;0;634;0;0;0
"B0451";"B0452";3;"Berlin";0,0013261684102406;0;634;0;0;0
"B0451";"B0557";1;"Berlin";0,00127719059465302;0;634;0;0;0
"B0452";"B0184";3;"Berlin";0,00730009621683609;0;634;0;0;0
"B0453";"B0454";3;"Berlin";0,000131873973043327;0;634;0;0;0
"B0454";"B0455";3;"Berlin";5,26790027295488e-05;0;634;0;0;0
"B0455";"B0208";3;"Berlin";0,00120078664037166;0;634;0;0;0
"B0456";"B0457";3;"Berlin";0,00167773734618832;0;634;0;0;0
"B0457";"B0123";3;"Berlin";0,00586121555400323;0;634;0;0;0
"B0458";"B0123";3;"Berlin";0,00552212490214845;0;634;0;0;0
"B0458";"B0441";3;"Berlin";0,000950579542167353;0;634;0;0;0
"B0459";"B0460";4;"Berlin";0,000296209221028166;0;634;0;0;0
"B0460";"B0461";4;"Berlin";0,000277161750248042;0;634;0;0;0
"B0461";"B0462";4;"Berlin";0,000875529286062752;0;634;0;0;0
"B0462";"B0463";5;"Berlin";0,00151645196457182;0;634;0;0;0
"B0462";"B0464";1;"Berlin";0,00112986888235061;0;634;0;0;0
"B0463";"B0045";5;"Berlin";0,00714166139739133;0;634;0;0;0
"B0464";"B0471";1;"Berlin";0,000705828926938951;0;634;0;0;0
"B0465";"B0466";1;"Berlin";0,00104167242099991;1;634;5;0,0157728706624606;1,64301643690838e-05
"B0466";"B0467";1;"Berlin";0,000579484374913685;0;634;0;0;0
"B0467";"B0468";1;"Berlin";0,000116191496844784;0;634;0;0;0
"B0468";"B0469";1;"Berlin";3,68277327558745e-07;0;634;0;0;0
"B0469";"B0470";1;"Berlin";0,000116191496844784;0;634;0;0;0
"B0470";"B0466";1;"Berlin";0,000579484374913685;0;634;0;0;0
"B0471";"B0472";3;"Berlin";0,000505670199410775;0;634;0;0;0
"B0472";"B0473";3;"Berlin";0,000325275688461582;0;634;0;0;0
"B0473";"B0474";3;"Berlin";0,000191946581549007;0;634;0;0;0
"B0474";"B0475";3;"Berlin";0,000161875860903056;0;634;0;0;0
"B0475";"B0476";3;"Berlin";0,000265349075610755;0;634;0;0;0
"B0476";"B0477";3;"Berlin";0,000463451588060063;0;634;0;0;0
"B0477";"B0478";3;"Berlin";0,00143101397613255;0;634;0;0;0
"B0478";"B0518";6;"Berlin";0,00149287009912455;0;634;0;0;0
"B0479";"B0480";1;"Berlin";0,00109541460530009;0;634;0;0;0
"B0480";"B0481";1;"Berlin";0,000875816972832269;0;634;0;0;0
"B0481";"B0482";2;"Berlin";0,000672227128202335;0;634;0;0;0
"B0482";"B0483";2;"Berlin";0,000487278254302334;0;634;0;0;0
"B0483";"B0484";2;"Berlin";0,000318860209730431;0;634;0;0;0
"B0484";"B0485";2;"Berlin";0,000220952805348158;0;634;0;0;0
"B0485";"B0486";2;"Berlin";0,000258511393229081;0;634;0;0;0
"B0486";"B0487";2;"Berlin";0,000393785355171478;0;634;0;0;0
"B0487";"B0488";2;"Berlin";0,000566685422504849;0;634;0;0;0
"B0488";"B0489";2;"Berlin";0,00076414651860866;0;634;0;0;0
"B0489";"B0490";2;"Berlin";0,000976636398654596;0;634;0;0;0
"B0490";"B0491";2;"Berlin";0,00119646727342987;0;634;0;0;0
"B0491";"B0492";2;"Berlin";0,0014202878192537;0;634;0;0;0
"B0492";"B0121";2;"Berlin";0,00546848873707892;0;634;0;0;0
"B0493";"B0494";1;"Berlin";0;0;634;0;0;0
"B0494";"B0121";1;"Berlin";0,00470218253499936;0;634;0;0;0
"B0495";"B0478";5;"Berlin";0,00277681910087737;0;634;0;0;0
"B0496";"B0497";1;"Berlin";0,000116375635508563;1;634;1;0,00315457413249211;3,67115569427645e-07
"B0497";"B0498";1;"Berlin";0,000348758629198131;1;634;2;0,00630914826498423;2,20036990030367e-06
"B0498";"B0499";1;"Berlin";0,000684320654158741;1;634;3;0,00946372239747634;6,47622070181774e-06
"B0499";"B0500";2;"Berlin";0,00101260920190007;0;634;0;0;0
"B0499";"B0513";1;"Berlin";0,000459026999024679;0;634;0;0;0
"B0500";"B0501";2;"Berlin";0,00123468043041799;0;634;0;0;0
"B0501";"B0119";2;"Berlin";0,00292246473284242;0;634;0;0;0
"B0502";"B0503";1;"Berlin";0,000329638897942373;0;634;0;0;0
"B0503";"B0504";1;"Berlin";0,000115792529739929;0;634;0;0;0
"B0504";"B0505";1;"Berlin";0,000155934758443832;0;634;0;0;0
"B0505";"B0515";2;"Berlin";0,00040099263015688;0;634;0;0;0
"B0506";"B0507";1;"Berlin";0,000116375635508563;1;634;1;0,00315457413249211;3,67115569427645e-07
"B0507";"B0508";1;"Berlin";0,000348758629198131;1;634;2;0,00630914826498423;2,20036990030367e-06
"B0508";"B0509";1;"Berlin";0,000580405068232582;1;634;3;0,00946372239747634;5,49279244384147e-06
"B0509";"B0510";1;"Berlin";0,000811314952611915;1;634;4;0,0126182965299685;1,02374126512544e-05
"B0510";"B0511";1;"Berlin";0,00104148828233613;1;634;5;0,0157728706624606;1,6427259973756e-05
"B0511";"B0512";1;"Berlin";0,00127092505740523;1;634;6;0,0189274447949527;2,40553638625595e-05
"B0512";"B0119";1;"Berlin";0,00294118549699332;1;634;7;0,0220820189274448;6,49473138137327e-05
"B0513";"B0514";1;"Berlin";2,59942413701881e-05;0;634;0;0;0
"B0514";"B0505";1;"Berlin";0,000167013768047891;0;634;0;0;0
"B0515";"B0516";2;"Berlin";0,000615882450787408;0;634;0;0;0
"B0516";"B0517";2;"Berlin";0,00083832195663289;0;634;0;0;0
"B0517";"B0495";2;"Berlin";0,00210938475932427;0;634;0;0;0
"B0518";"B0520";3;"Berlin";0,00224999332198417;0;634;0;0;0
"B0519";"B0478";6;"Berlin";0,00149287009912455;0;634;0;0;0
"B0520";"B0519";3;"Berlin";0,00224999332198417;0;634;0;0;0
"B0520";"B0521";2;"Berlin";0,00397355174123872;0;634;0;0;0
"B0520";"B0545";3;"Berlin";0,00316307206870837;1;634;12;0,0378548895899054;0,000119737743925869
"B0521";"B0057";2;"Berlin";0,00428326946631251;0;634;0;0;0
"B0521";"B0528";1;"Berlin";0,00238909166860311;0;634;0;0;0
"B0522";"B0523";2;"Berlin";0,000345076732773324;0;634;0;0;0
"B0523";"B0524";2;"Berlin";0,000329118048579112;0;634;0;0;0
"B0524";"B0047";2;"Berlin";0,00305497705325352;0;634;0;0;0
"B0525";"B0526";2;"Berlin";0,000348758629198131;1;634;2;0,00630914826498423;2,20036990030367e-06
"B0526";"B0527";2;"Berlin";0,000116375635508563;1;634;1;0,00315457413249211;3,67115569427645e-07
"B0528";"B0529";1;"Berlin";0,000520419706379502;0;634;0;0;0
"B0529";"B0530";1;"Berlin";0,000302522287573911;0;634;0;0;0
"B0530";"B0531";1;"Berlin";0,000135324380862241;0;634;0;0;0
"B0531";"B0532";1;"Berlin";0,000113964295863833;0;634;0;0;0
"B0532";"B0533";1;"Berlin";0,000243045499173174;0;634;0;0;0
"B0533";"B0534";1;"Berlin";0,000433269507365064;0;634;0;0;0
"B0534";"B0048";1;"Berlin";0,00223023488464896;0;634;0;0;0
"B0535";"B0536";1;"Berlin";0,00195481605468182;1;634;9;0,028391167192429;5,5499509438916e-05
"B0536";"B0537";1;"Berlin";0,00172758894357807;1;634;8;0,0252365930599369;4,35984591439261e-05
"B0537";"B0538";1;"Berlin";0,00149962527781921;1;634;7;0,0220820189274448;3,31147537688784e-05
"B0538";"B0539";1;"Berlin";0,00127092505740523;1;634;6;0,0189274447949527;2,40553638625595e-05
"B0539";"B0540";1;"Berlin";0,00104148828233613;1;634;5;0,0157728706624606;1,6427259973756e-05
"B0540";"B0541";1;"Berlin";0,000811314952611915;1;634;4;0,0126182965299685;1,02374126512544e-05
"B0541";"B0542";1;"Berlin";0,000580405068232582;1;634;3;0,00946372239747634;5,49279244384147e-06
"B0542";"B0543";1;"Berlin";0,000348758629198131;1;634;2;0,00630914826498423;2,20036990030367e-06
"B0543";"B0544";1;"Berlin";0,000116375635508563;1;634;1;0,00315457413249211;3,67115569427645e-07
"B0545";"B0546";2;"Berlin";0,00137956686903506;1;634;2;0,00630914826498423;8,70389191820226e-06
"B0545";"B0548";1;"Berlin";0,00218388455242336;1;634;9;0,028391167192429;6,20030314568146e-05
"B0546";"B0547";2;"Berlin";0,000116375635508563;1;634;1;0,00315457413249211;3,67115569427645e-07
"B0548";"B0549";1;"Berlin";0,00172758894357807;1;634;8;0,0252365930599369;4,35984591439261e-05
"B0549";"B0550";1;"Berlin";0,00149962527781921;1;634;7;0,0220820189274448;3,31147537688784e-05
"B0550";"B0551";1;"Berlin";0,00127092505740523;1;634;6;0,0189274447949527;2,40553638625595e-05
"B0551";"B0552";1;"Berlin";0,00104148828233613;1;634;5;0,0157728706624606;1,6427259973756e-05
"B0552";"B0553";1;"Berlin";0,000811314952611915;1;634;4;0,0126182965299685;1,02374126512544e-05
"B0553";"B0554";1;"Berlin";0,000580405068232582;1;634;3;0,00946372239747634;5,49279244384147e-06
"B0554";"B0555";1;"Berlin";0,000348758629198131;1;634;2;0,00630914826498423;2,20036990030367e-06
"B0555";"B0556";1;"Berlin";0,000116375635508563;1;634;1;0,00315457413249211;3,67115569427645e-07
"B0557";"B0179";1;"Berlin";0,00418112264783682;0;634;0;0;0
"B0558";"B0559";2;"Berlin";0,00126184965183325;0;634;0;0;0
"B0559";"B0560";2;"Berlin";0,00104217222594446;0;634;0;0;0
"B0560";"B0561";2;"Berlin";0,000827043025051014;0;634;0;0;0
"B0561";"B0562";2;"Berlin";0,000622630694389532;0;634;0;0;0
"B0562";"B0563";1;"Berlin";0,00072664887185694;0;634;0;0;0
"B0562";"B0576";1;"Berlin";0,000594279478122968;0;634;0;0;0
"B0563";"B0564";2;"Berlin";0,000819029485773491;0;634;0;0;0
"B0564";"B0565";2;"Berlin";0,000602212347128739;0;634;0;0;0
"B0565";"B0566";2;"Berlin";0,000395256272354763;0;634;0;0;0
"B0566";"B0567";2;"Berlin";0,000207417298284205;0;634;0;0;0
"B0567";"B0568";2;"Berlin";0,000126307724292511;0;634;0;0;0
"B0568";"B0569";2;"Berlin";0,000227000883602531;0;634;0;0;0
"B0569";"B0570";2;"Berlin";0,000424857877833467;0;634;0;0;0
"B0570";"B0571";2;"Berlin";0,000636586651402449;0;634;0;0;0
"B0571";"B0202";2;"Berlin";0,00152744950676705;0;634;0;0;0
"B0572";"B0573";2;"Berlin";0,000580405068232582;1;634;3;0,00946372239747634;5,49279244384147e-06
"B0573";"B0574";2;"Berlin";0,000348758629198131;1;634;2;0,00630914826498423;2,20036990030367e-06
"B0574";"B0575";2;"Berlin";0,000116375635508563;1;634;1;0,00315457413249211;3,67115569427645e-07
"B0576";"B0563";1;"Berlin";0,000796959151643363;0;634;0;0;0
"B0576";"B0577";1;"Berlin";0,000910490283221926;0;634;0;0;0
"B0577";"B0578";2;"Berlin";0,00104148828233613;1;634;5;0,0157728706624606;1,6427259973756e-05
"B0577";"B0583";1;"Berlin";0,001663249140752;0;634;0;0;0
"B0578";"B0579";2;"Berlin";0,000811314952611915;1;634;4;0,0126182965299685;1,02374126512544e-05
"B0579";"B0580";2;"Berlin";0,000580405068232582;1;634;3;0,00946372239747634;5,49279244384147e-06
"B0580";"B0581";2;"Berlin";0,000348758629198131;1;634;2;0,00630914826498423;2,20036990030367e-06
"B0581";"B0582";2;"Berlin";0,000116375635508563;1;634;1;0,00315457413249211;3,67115569427645e-07
"B0583";"B0576";1;"Berlin";0,00141734861543947;0;634;0;0;0
"B0583";"B0584";2;"Berlin";0,00227801272994425;0;634;0;0;0
"B0584";"B0182";2;"Berlin";0,00283299131768663;0;634;0;0;0
"B0585";"B0586";2;"Berlin";0,000263315220226773;0;634;0;0;0
"B0586";"B0587";2;"Berlin";0,0011911610109353;0;634;0;0;0
"B0587";"B0588";2;"Berlin";0,00206871546358794;0;634;0;0;0
"B0588";"B0451";2;"Berlin";0,00221276714026254;0;634;0;0;0
"B0589";"B0590";2;"Berlin";0,00242350952313222;0;634;0;0;0
"B0590";"B0591";2;"Berlin";0,0023780149972678;0;634;0;0;0
"B0591";"B0593";2;"Berlin";0,00149306800168845;0;634;0;0;0
"B0591";"B0603";1;"Berlin";0,00164253554720512;0;634;0;0;0
"B0592";"B0591";2;"Berlin";0,0013161445045515;0;634;0;0;0
"B0593";"B0594";2;"Berlin";0,000469737731301179;0;634;0;0;0
"B0594";"B0595";2;"Berlin";0,000329859864338909;0;634;0;0;0
"B0595";"B0596";2;"Berlin";0,00027200349617943;0;634;0;0;0
"B0596";"B0597";2;"Berlin";0,000300250367203186;0;634;0;0;0
"B0597";"B0587";2;"Berlin";0,00122597549430052;0;634;0;0;0
"B0598";"B0599";3;"Berlin";0,00192680681021942;0;634;0;0;0
"B0599";"B0600";1;"Berlin";0,00100104441696394;0;634;0;0;0
"B0599";"B0622";1;"Berlin";0,00117803236263321;0;634;0;0;0
"B0599";"B0625";1;"Berlin";0,00151062274030074;0;634;0;0;0
"B0600";"B0601";1;"Berlin";0,00016148960813451;0;634;0;0;0
"B0601";"B0602";1;"Berlin";0,000314294009294092;0;634;0;0;0
"B0602";"B0591";1;"Berlin";0,00142352496633444;0;634;0;0;0
"B0603";"B0604";1;"Berlin";0,000753002622046887;0;634;0;0;0
"B0604";"B0605";1;"Berlin";0,000564223663940275;0;634;0;0;0
"B0605";"B0606";1;"Berlin";0,000402009777061566;0;634;0;0;0
"B0606";"B0607";1;"Berlin";0,000300979030201284;0;634;0;0;0
"B0607";"B0608";1;"Berlin";0,000653008312808449;0;634;0;0;0
"B0608";"B0609";1;"Berlin";0,000624777663524121;0;634;0;0;0
"B0608";"B0620";2;"Berlin";0,00106390409567354;0;634;0;0;0
"B0608";"B0628";1;"Berlin";0,000845522216812053;0;634;0;0;0
"B0609";"B0610";2;"Berlin";0,000144429160935351;0;634;0;0;0
"B0609";"B0620";1;"Berlin";0,000657465783748079;0;634;0;0;0
"B0610";"B0611";2;"Berlin";9,91924292002183e-05;0;634;0;0;0
"B0611";"B0612";2;"Berlin";0,000228853669300463;0;634;0;0;0
"B0612";"B0613";2;"Berlin";0,0011004924481665;0;634;0;0;0
"B0613";"B0177";2;"Berlin";0,00237924339878235;0;634;0;0;0
"B0613";"B0614";1;"Berlin";0,0011679547166198;1;634;3;0,00946372239747634;1,1053199210913e-05
"B0614";"B0615";1;"Berlin";0,000348758629198131;1;634;2;0,00630914826498423;2,20036990030367e-06
"B0615";"B0616";1;"Berlin";0,000116375635508563;1;634;1;0,00315457413249211;3,67115569427645e-07
"B0617";"B0618";2;"Berlin";0,000348758629198131;1;634;2;0,00630914826498423;2,20036990030367e-06
"B0618";"B0619";2;"Berlin";0,000116375635508563;1;634;1;0,00315457413249211;3,67115569427645e-07
"B0620";"B0621";2;"Berlin";0,00117483580311508;0;634;0;0;0
"B0621";"B0587";2;"Berlin";0,00168640370087148;0;634;0;0;0
"B0622";"B0623";2;"Berlin";0,000348758629198131;1;634;2;0,00630914826498423;2,20036990030367e-06
"B0623";"B0624";2;"Berlin";0,000116375635508563;1;634;1;0,00315457413249211;3,67115569427645e-07
"B0625";"B0622";1;"Berlin";0,000797356365046658;0;634;0;0;0
"B0625";"B0626";2;"Berlin";0,00105494092700138;0;634;0;0;0
"B0626";"B0627";2;"Berlin";0,000962205626944361;0;634;0;0;0
"B0627";"B0628";1;"Berlin";0,000802152300387331;0;634;0;0;0
"B0628";"B0630";1;"Berlin";0,000329914229087262;0;634;0;0;0
"B0629";"B0628";1;"Berlin";0,000329914229087262;1;634;1;0,00315457413249211;1,04073889301976e-06
"B0630";"B0608";1;"Berlin";0,000515607987724791;0;634;0;0;0
"B0631";"B0627";1;"Berlin";0,00065692301311532;0;634;0;0;0
"B0632";"B0631";1;"Berlin";0,000388857892213819;0;634;0;0;0
"B0632";"B0633";1;"Berlin";0,000458802963650414;0;634;0;0;0
"B0633";"B0613";1;"Berlin";0,00119020173618208;0;634;0;0;0
"B0634";"B0635";1;"Berlin";0,000213447309968186;0;634;0;0;0
"B0635";"B0306";1;"Berlin";0,00055475203137862;0;634;0;0;0
